,CBSA Name,Latitude,Longitude
0,"Montgomery, AL",32.437458,-86.472891
5,"Daphne-Fairhope-Foley, AL",,
184,"Eufaula, AL-GA",31.891272,-85.13521
252,"Birmingham-Hoover, AL",32.904048,-87.233057
256,"Anniston-Oxford-Jacksonville, AL",33.656771,-85.824409
264,,32.209311,-88.051961
281,"Enterprise, AL",31.056847,-87.259142
284,"Florence-Muscle Shoals, AL",34.737034,-87.886701
425,"Cullman, AL",34.180758,-86.841452
429,"Selma, AL",32.102367,-87.31416
433,"Fort Payne, AL",34.456508,-85.671628
493,"Gadsden, AL",33.999819,-86.107475
630,"Dothan, AL",31.118822,-86.157749
662,"Scottsboro, AL",34.948137,-85.714415
5331,"Decatur, AL",34.479262,-87.291687
5400,"Auburn-Opelika, AL",32.643467,-85.403003
5401,"Huntsville, AL",34.828977,-86.975285
5695,"Albertville, AL",34.336759,-86.311926
5697,"Mobile, AL",30.400197,-88.251423
7405,"Troy, AL",31.807963,-85.993586
7428,"Columbus, GA-AL",32.472136,-85.005028
8597,"Talladega-Sylacauga, AL",33.25817,-86.343588
8622,"Alexander City, AL",32.930124,-85.941075
8623,"Tuscaloosa, AL",33.2071,-87.547793
8744,"Anchorage, AK",61.216392,-149.899428
9228,"Fairbanks, AK",64.832894,-147.719128
10173,"Juneau, AK",58.29822,-134.409728
10399,"Ketchikan, AK",55.342931,-131.644251
11153,"Sierra Vista-Douglas, AZ",31.410556,-109.876111
11556,"Flagstaff, AZ",36.051403,-112.14214
12342,"Payson, AZ",33.446944,-110.840833
12679,"Safford, AZ",32.83388,-109.718611
12786,"Phoenix-Mesa-Scottsdale, AZ",33.420631,-112.344345
16676,"Lake Havasu City-Kingman, AZ",35.187222,-114.064167
16980,"Show Low, AZ",34.939722,-110.125278
17167,"Tucson, AZ",32.382036,-112.857453
18794,"Nogales, AZ",31.333473,-110.867344
18923,"Prescott, AZ",34.534722,-112.479722
19165,"Yuma, AZ",32.723968,-114.6244
19435,"Mountain Home, AR",36.332307,-92.383496
19436,"Fayetteville-Springdale-Rogers, AR-MO",36.333971,-94.125495
19449,"Harrison, AR",36.230349,-93.110455
19456,"Arkadelphia, AR",34.121207,-93.054062
19460,"Magnolia, AR",33.268184,-93.246279
19461,"Jonesboro, AR",35.838686,-90.708724
19496,"Fort Smith, AR-OK",35.444821,-94.354389
19497,"Memphis, TN-MS-AR",35.212887,-90.203983
19675,"Little Rock-North Little Rock-Conway, AR",35.088696,-92.43849
19696,"Hot Springs, AR",34.510677,-93.052402
19736,"Paragould, AR",36.050092,-90.490104
19740,"Hope, AR",33.672917,-93.596305
19743,"Batesville, AR",35.777577,-91.65125
19764,"Pine Bluff, AR",34.399818,-91.975417
19827,"Texarkana, TX-AR",33.425625,-94.040543
20208,"Blytheville, AR",35.927595,-90.000089
20352,"Camden, AR",33.587614,-92.833219
20355,"Helena-West Helena, AR",34.529766,-90.586049
20449,"Russellville, AR",35.277327,-93.135184
21139,"Forrest City, AR",35.010648,-90.786501
21196,"El Dorado, AR",33.210708,-92.662109
21300,"Searcy, AR",35.24894,-91.715596
21381,"San Francisco-Oakland-Hayward, CA",37.87687,-122.266913
22556,"Chico, CA",39.73515,-121.841897
23889,"Crescent City, CA",41.752893,-124.199525
24001,"Sacramento--Roseville--Arden-Arcade, CA",38.90518,-120.013224
24414,"Fresno, CA",36.145789,-120.359316
26504,"Eureka-Arcata-Fortuna, CA",40.77596,-124.190062
26683,"El Centro, CA",32.979213,-115.530267
27342,"Bishop, CA",37.35354,-118.400943
28078,"Bakersfield, CA",35.383592,-119.017598
30342,"Hanford-Corcoran, CA",36.052739,-119.570676
30659,"Clearlake, CA",39.155724,-122.845549
31045,"Susanville, CA",40.412396,-120.633283
31048,"Los Angeles-Long Beach-Anaheim, CA",34.104175,-118.409246
36065,"Madera, CA",36.954669,-120.037383
36712,"Ukiah, CA",39.435168,-123.80946
36790,"Merced, CA",37.060778,-120.849637
37238,"Salinas, CA",36.521905,-121.806061
37394,"Napa, CA",38.296836,-122.290498
37511,"Truckee-Grass Valley, CA",39.218783,-121.053282
38813,"Riverside-San Bernardino-Ontario, CA",33.925865,-116.876137
42444,"San Jose-Sunnyvale-Santa Clara, CA",36.85551,-121.39299
44151,"San Diego-Carlsbad, CA",32.631242,-117.059088
47624,"Stockton-Lodi, CA",38.133237,-121.275747
48205,"San Luis Obispo-Paso Robles-Arroyo Grande, CA",35.174976,-120.537111
48693,"Santa Maria-Santa Barbara, CA",34.338607,-119.505121
50695,"Santa Cruz-Watsonville, CA",36.98995,-121.925792
50804,"Redding, CA",40.467357,-122.289977
51143,"Vallejo-Fairfield, CA",38.052142,-122.145799
51384,"Santa Rosa, CA",38.804267,-123.018142
51519,"Modesto, CA",37.640763,-120.999378
52245,"Yuba City, CA",39.27489,-121.667748
52336,"Red Bluff, CA",40.177655,-122.245552
52453,"Visalia-Porterville, CA",36.194406,-119.09261
52908,"Sonora, CA",37.985757,-120.384083
52931,"Oxnard-Thousand Oaks-Ventura, CA",34.215842,-119.038697
53992,"Denver-Aurora-Lakewood, CO",39.827594,-104.937668
55444,"Boulder, CO",40.018597,-105.278324
58204,"Edwards, CO",39.639153,-106.358917
58246,"Colorado Springs, CO",38.875271,-104.826642
58612,"Ca¤on City, CO",38.442621,-105.239718
58641,"Glenwood Springs, CO",39.531647,-107.780342
60822,"Durango, CO",37.097795,-108.180091
61197,"Fort Collins, CO",40.58365,-105.080162
61661,"Sterling, CO",40.621375,-103.20882
61674,"Grand Junction, CO",39.16137,-108.735377
62341,"Craig, CO",40.513027,-107.546177
62672,"Montrose, CO",38.477765,-107.876451
62697,"Fort Morgan, CO",40.257202,-103.623559
62888,"Pueblo, CO",38.266392,-104.61053
63207,"Steamboat Springs, CO",40.484138,-107.021476
63421,"Breckenridge, CO",39.491461,-106.047325
63441,"Greeley, CO",40.426373,-104.692791
64487,"Bridgeport-Stamford-Norwalk, CT",41.180375,-73.19289
65827,"Hartford-West Hartford-East Hartford, CT",41.586765,-72.799821
67438,"Torrington, CT",41.706932,-73.382875
67869,"New Haven-Milford, CT",,
69444,"Norwich-New London, CT",41.581652,-72.348399
69923,"Worcester, MA-CT",41.840814,-72.084777
69983,"Dover, DE",39.154722,-75.529444
70220,"Philadelphia-Camden-Wilmington, PA-NJ-DE-MD",39.801127,-75.454065
71110,"Salisbury, MD-DE",38.918361,-75.399624
71219,"Washington-Arlington-Alexandria, DC-VA-MD-WV",38.888089,-77.027176
72991,"Gainesville, FL",29.477189,-82.601499
73118,"Jacksonville, FL",30.271064,-82.184578
73124,"Panama City, FL",30.274956,-85.725237
73324,"Palm Bay-Melbourne-Titusville, FL",,
73384,"Miami-Fort Lauderdale-West Palm Beach, FL",25.875651,-80.122545
74770,"Punta Gorda, FL",26.935061,-82.049811
74775,"Homosassa Springs, FL",,
74887,"Naples-Immokalee-Marco Island, FL",26.025925,-81.730405
74900,"Lake City, FL",30.194123,-82.586257
74904,"Arcadia, FL",27.215328,-81.858184
76169,"Pensacola-Ferry Pass-Brent, FL",30.609113,-87.320005
77020,"Deltona-Daytona Beach-Ormond Beach, FL",29.534974,-81.253164
77029,"Tallahassee, FL",30.669914,-84.859364
77071,"Wauchula, FL",27.503096,-81.81235
77103,"Clewiston, FL",26.753953,-80.938676
77111,"Tampa-St. Petersburg-Clearwater, FL",28.555284,-82.397365
77119,"Sebring, FL",27.182271,-81.352573
78442,"Sebastian-Vero Beach, FL",27.608644,-80.228658
78458,"Orlando-Kissimmee-Sanford, FL",29.108037,-81.632853
78463,"Cape Coral-Fort Myers, FL",26.66118,-81.839851
78742,"North Port-Sarasota-Bradenton, FL",27.46282,-82.576538
78863,"Ocala, FL",29.170533,-82.100646
78876,"Port St. Lucie, FL",27.051999,-80.518981
79818,"Key West, FL",24.565423,-81.793453
79909,"Crestview-Fort Walton Beach-Destin, FL",30.658001,-86.522204
79914,"Okeechobee, FL",27.245604,-80.834544
81518,"Lakeland-Winter Haven, FL",27.907249,-81.843183
81632,"Palatka, FL",29.653027,-81.633174
81943,"The Villages, FL",28.799443,-82.062911
82118,"Milledgeville, GA",33.153413,-83.23569
82195,"Atlanta-Sandy Springs-Roswell, GA",34.176764,-84.786882
82202,"Macon, GA",32.915415,-83.704624
82483,"Statesboro, GA",32.424345,-81.784556
82484,"St. Marys, GA",30.844124,-81.55232
82505,"Chattanooga, TN-GA",34.920355,-85.110784
82573,"Savannah, GA",,
82911,"Summerville, GA",34.474526,-85.408847
82915,"Athens-Clarke County, GA",33.945948,-83.372102
83062,"Douglas, GA",31.512974,-82.76153
83245,"Moultrie, GA",31.166853,-83.766285
83246,"Augusta-Richmond County, GA-SC",33.582044,-82.131249
83269,"Cordele, GA",31.968797,-83.717121
84363,"Albany, GA",,
84421,"Rome, GA",,
85306,"Brunswick, GA",31.147175,-81.492879
85461,"Gainesville, GA",34.304851,-83.817121
85706,"Warner Robins, GA",32.6056,-83.5978
85790,"Dublin, GA",33.065984,-82.9582
85879,"Valdosta, GA",,
85978,"Dalton, GA",34.750638,-84.714659
87179,"Americus, GA",32.070442,-84.237132
87342,"Thomasville, GA",30.80936,-83.995448
87343,"Vidalia, GA",,
87605,"Jesup, GA",31.605471,-81.886513
87621,"Hilo, HI",19.496968,-155.497221
88075,"Urban Honolulu, HI",21.296285,-158.106144
88600,"Kapaa, HI",21.978802,-159.366928
88618,"Kahului-Wailuku-Lahaina, HI",20.886236,-156.47079
88768,"Boise City, ID",43.590999,-116.315676
89352,"Pocatello, ID",42.869358,-112.443868
89514,"Blackfoot, ID",43.051853,-112.836409
89522,"Hailey, ID",43.682963,-114.362273
89557,"Sandpoint, ID",48.274167,-116.550833
89620,"Idaho Falls, ID",43.487967,-112.044167
90280,"Burley, ID",42.028889,-113.729167
90354,"Mountain Home, ID",43.136284,-115.679252
90367,"Logan, UT-ID",42.013333,-111.809167
90443,"Twin Falls, ID",42.766016,-114.608936
90450,"Coeur d'Alene, ID",47.674305,-116.779944
90575,"Moscow, ID",46.730415,-116.995765
90710,"Rexburg, ID",43.825579,-111.78044
90714,"Lewiston, ID-WA",46.429859,-116.991871
91449,"Quincy, IL-MO",39.943102,-91.38126
91495,"Cape Girardeau, MO-IL",37.000076,-89.166731
91509,"Ottawa-Peru, IL",41.328369,-89.295088
91512,"Champaign-Urbana, IL",40.116143,-88.241438
91719,"Taylorville, IL",39.686991,-89.373144
91734,"St. Louis, MO-IL",38.646159,-89.327021
91737,"Charleston-Mattoon, IL",39.490591,-88.162262
91739,"Chicago-Naperville-Elgin, IL-IN-WI",41.670992,-87.732457
97900,"Effingham, IL",39.116153,-88.540049
97919,"Mount Vernon, IL",37.998268,-88.493158
97941,"Carbondale-Marion, IL",37.703106,-89.223417
98103,"Kankakee, IL",41.155588,-87.873932
98110,"Galesburg, IL",40.946149,-90.370684
98547,"Pontiac, IL",40.764757,-88.880902
98558,"Lincoln, IL",40.26254,-89.230923
98581,"Bloomington, IL",40.483369,-89.004244
98615,"Decatur, IL",39.851981,-88.981468
99684,"Peoria, IL",41.115592,-89.368978
99686,"Paducah, KY-IL",37.184221,-88.748944
99730,"Springfield, IL",40.009492,-89.850388
99772,"Rochelle, IL",42.074749,-89.281217
100073,"Davenport-Moline-Rock Island, IA-IL",41.514478,-90.440409
101463,"Danville, IL",40.133093,-87.616131
101477,"Sterling, IL",41.776698,-89.710941
102025,"Rockford, IL",42.267798,-89.088162
102185,"Fort Wayne, IN",41.125882,-84.919409
102531,"Columbus, IN",39.198932,-85.908293
102583,"Indianapolis-Carmel-Anderson, IN",39.997732,-86.395394
102585,"Lafayette-West Lafayette, IN",40.474203,-86.655003
102598,"Louisville/Jefferson County, KY-IN",,
102981,"Washington, IN",38.803103,-87.216124
102993,"Cincinnati, OH-KY-IN",39.043947,-84.907173
103021,"Auburn, IN",41.36366,-85.061629
103042,"Muncie, IN",,
103099,"Jasper, IN",38.225057,-86.858324
103261,"Elkhart-Goshen, IN",41.694759,-87.187537
103917,"Evansville, IN-KY",38.361443,-87.748631
103974,"Marion, IN",40.557819,-85.661367
103983,"Bloomington, IN",38.985477,-86.990419
104089,"New Castle, IN",39.943102,-85.36497
104224,"Kokomo, IN",40.496971,-86.124967
104260,"Huntington, IN",40.705044,-85.562198
104266,"Seymour, IN",38.920835,-86.080523
104323,"Madison, IN",38.840614,-85.318569
104421,"Vincennes, IN",38.833379,-87.241958
104461,"Warsaw, IN",41.327546,-85.698598
107058,"Michigan City-La Porte, IN",41.608376,-86.719467
107161,"Bedford, IN",38.741997,-86.451379
109037,"Crawfordsville, IN",39.970044,-86.830285
109760,"South Bend-Mishawaka, IN-MI",41.679183,-86.102743
110123,"Angola, IN",41.712515,-84.999928
110132,"Terre Haute, IN",39.208651,-87.553634
111392,"Wabash, IN",40.79671,-85.871376
111512,"Richmond, IN",39.829492,-84.895794
111615,"Cedar Rapids, IA",41.89741,-92.27819
111622,"Waterloo-Cedar Falls, IA",42.313618,-92.184615
111728,"Boone, IA",41.877108,-93.821958
111760,"Storm Lake, IA",42.861465,-94.982968
111793,"Mason City, IA",42.945334,-93.383864
111893,"Spencer, IA",43.159295,-95.327431
111903,"Clinton, IA",41.854363,-90.18897
112245,"Des Moines-West Des Moines, IA",41.517093,-94.228437
112306,"Burlington, IA-IL",40.808872,-91.122849
112325,"Spirit Lake, IA",43.408744,-95.127608
112330,"Dubuque, IA",42.507786,-90.663176
112572,"Omaha-Council Bluffs, NE-IA",41.666671,-96.000296
112619,"Newton, IA",41.578412,-92.846541
112622,"Fairfield, IA",40.999769,-91.973093
112629,"Iowa City, IA",41.657446,-91.537831
112690,"Fort Madison-Keokuk, IA-IL-MO",40.390361,-91.380069
114047,"Muscatine, IA",41.180051,-91.193302
114066,"Oskaloosa, IA",41.213516,-92.436126
114070,"Pella, IA",41.323614,-93.100116
114077,"Marshalltown, IA",42.005975,-92.777057
114583,"Sioux City, IA-NE-SD",42.792095,-96.169507
116394,"Ames, IA",42.028042,-93.636886
116662,"Ottumwa, IA",41.029435,-92.428343
116709,"Fort Dodge, IA",42.486113,-94.180517
116879,"Atchison, KS",39.566418,-95.118592
116888,"Great Bend, KS",38.359758,-98.771203
117020,"Wichita, KS",37.808383,-96.85864
117026,"Emporia, KS",38.434141,-96.5605
117215,"Arkansas City-Winfield, KS",37.055619,-97.035032
117221,"Pittsburg, KS",37.407006,-94.70996
117228,"St. Joseph, MO-KS",,
117242,"Lawrence, KS",38.97087,-95.235538
117258,"Hays, KS",38.868083,-99.318445
117265,"Garden City, KS",37.966146,-100.873211
117269,"Dodge City, KS",37.771964,-100.01819
117339,"Junction City, KS",39.031143,-96.842534
117419,"Topeka, KS",39.108057,-95.204693
117421,"Kansas City, MO-KS",39.033926,-94.780802
117655,"Parsons, KS",37.341729,-95.262756
117723,"McPherson, KS",38.371706,-97.670891
117735,"Coffeyville, KS",37.04451,-95.623877
118058,"Manhattan, KS",39.303919,-96.058899
118061,"Hutchinson, KS",38.055599,-97.925342
118080,"Salina, KS",38.842936,-97.611771
119647,"Liberal, KS",37.034218,-100.929873
121093,"Glasgow, KY",36.994495,-85.912199
121098,"Middlesborough, KY",36.608138,-83.714638
121224,"Huntington-Ashland, WV-KY-OH",,
122106,"Danville, KY",37.646454,-84.772703
122160,"Bowling Green, KY",37.086433,-86.967496
122180,"Murray, KY",36.732303,-88.216145
122713,"Clarksville, TN-KY",36.669526,-87.393619
122751,"Lexington-Fayette, KY",37.883672,-84.257687
122771,"Owensboro, KY",37.729493,-87.083885
123726,"Frankfort, KY",38.198112,-84.877706
123782,"Union City, TN-KY",36.504529,-88.864776
123800,"Mayfield, KY",36.738414,-88.638936
123917,"Elizabethtown-Fort Knox, KY",37.709508,-85.865516
124217,"Madisonville, KY",37.52699,-87.354167
125682,"London, KY",36.840078,-83.781006
126314,"Richmond-Berea, KY",37.566733,-84.290466
126960,"Maysville, KY",38.644493,-83.759892
126989,"Central City, KY",37.28921,-87.118052
127048,"Bardstown, KY",37.818118,-85.471891
127396,"Somerset, KY",,
127861,"Baton Rouge, LA",30.083533,-90.950098
128064,"DeRidder, LA",30.806325,-93.346292
128073,"Shreveport-Bossier City, LA",32.535293,-93.747041
128429,"Lake Charles, LA",30.152708,-93.362656
128700,"Natchez, MS-LA",31.566833,-91.425116
130403,"Alexandria, LA",31.502477,-92.460439
130678,"Ruston, LA",32.283488,-92.714874
130679,"New Orleans-Metairie, LA",29.906911,-90.073418
132807,"Lafayette, LA",30.229368,-92.00012
132862,"Houma-Thibodaux, LA",29.433553,-90.30008
132882,"Tallulah, LA",31.565444,-91.432894
132896,"Bastrop, LA",32.780163,-91.913198
135267,"Monroe, LA",32.504588,-92.112634
137360,"Morgan City, LA",29.679694,-91.177061
137909,"Hammond, LA",30.503287,-90.377212
137932,"Bogalusa, LA",30.808274,-89.866747
138040,"Lewiston-Auburn, ME",44.097736,-70.223862
138623,"Portland-South Portland, ME",44.104237,-70.697285
141697,"Augusta-Waterville, ME",44.316179,-69.767545
141884,"Rockland, ME",44.084952,-69.09188
143461,"Bangor, ME",44.801738,-68.771147
144732,"Cumberland, MD-WV",39.476141,-79.060571
144825,"Baltimore-Columbia-Towson, MD",39.211694,-76.652995
146336,"Cambridge, MD",38.570675,-76.076329
147813,"California-Lexington Park, MD",38.358929,-76.707724
147820,"Hagerstown-Martinsburg, MD-WV",39.657524,-77.698305
149285,"Barnstable Town, MA",41.551366,-70.606121
149507,"Pittsfield, MA",,
149596,"Providence-Warwick, RI-MA",,
150171,"Vineyard Haven, MA",41.330469,-70.785225
150236,"Boston-Cambridge-Newton, MA-NH",42.564539,-70.84866
151700,"Greenfield Town, MA",42.656473,-72.713426
151750,"Springfield, MA",,
155842,"Holland, MI",42.484472,-86.244476
156186,"Alpena, MI",45.068346,-83.429975
156565,"Bay City, MI",43.642501,-83.851553
156643,"Traverse City, MI",,
156661,"Niles-Benton Harbor, MI",42.115318,-86.453356
156722,"Coldwater, MI",41.930846,-84.99715
156725,"Battle Creek, MI",42.252259,-84.584132
156791,"Sault Ste. Marie, MI",46.496966,-84.351428
157136,"Lansing-East Lansing, MI",42.798339,-84.393795
157138,"Escanaba, MI",45.741664,-87.074998
157181,"Iron Mountain, MI-WI",45.805553,-88.073645
157231,"Flint, MI",43.013337,-83.685993
157476,"Alma, MI",43.386142,-84.625837
157599,"Hillsdale, MI",41.932235,-84.634638
157601,"Houghton, MI",47.118538,-88.55179
158093,"Ionia, MI",43.097532,-85.225573
158137,"Mount Pleasant, MI",43.741972,-84.752792
158143,"Jackson, MI",42.247258,-84.407735
158153,"Kalamazoo-Portage, MI",,
158463,"Grand Rapids-Wyoming, MI",42.950028,-85.613361
159252,"Detroit-Warren-Dearborn, MI",43.050305,-83.2855
159273,"Adrian, MI",41.897269,-84.024944
159538,"Marquette, MI",46.575554,-87.425288
159596,"Ludington, MI",43.958894,-86.411193
159620,"Big Rapids, MI",43.687224,-85.478831
159627,"Marinette, WI-MI",45.126651,-87.625107
159641,"Midland, MI",43.617805,-84.228322
160105,"Cadillac, MI",44.310555,-84.891865
160386,"Monroe, MI",41.88279,-83.377929
160652,"Muskegon, MI",43.235015,-86.250615
161394,"Saginaw, MI",43.453636,-83.935252
162110,"Owosso, MI",42.996971,-84.177191
162197,"Ann Arbor, MI",,
167752,"Minneapolis-St. Paul-Bloomington, MN-WI",45.19777,-93.399944
168053,"Bemidji, MN",47.471934,-94.883342
168386,"St. Cloud, MN",45.593798,-94.166353
168412,"Mankato-North Mankato, MN",44.173578,-93.992733
168422,"Duluth, MN-WI",46.707493,-92.430471
168629,"Brainerd, MN",47.159942,-94.150987
168822,"Fargo, ND-MN",46.873594,-96.771185
170426,"Alexandria, MN",45.883295,-95.380316
170591,"Albert Lea, MN",43.650235,-93.366599
170679,"Red Wing, MN",44.562217,-92.530468
174107,"Willmar, MN",45.11971,-95.049724
174825,"Marshall, MN",44.457766,-95.791414
174838,"Hutchinson, MN",44.893046,-94.371088
175224,"Austin, MN",43.668609,-92.987146
175360,"Worthington, MN",43.619159,-95.609736
175372,"Rochester, MN",44.019686,-92.456843
175621,"Fergus Falls, MN",46.281627,-96.074503
175961,"Grand Forks, ND-MN",47.929985,-97.025924
177355,"Faribault-Northfield, MN",44.291938,-93.275215
179703,"Winona, MN",44.049998,-91.625156
180130,"Corinth, MS",34.937894,-88.511153
180141,"Cleveland, MS",33.746056,-90.723028
180169,"Meridian, MS",32.1725,-88.81972
180297,"Clarksdale, MS",34.202887,-90.568432
180335,"Hattiesburg, MS",31.32389,-89.2922
180435,"Grenada, MS",33.834444,-89.792778
180586,"Gulfport-Biloxi-Pascagoula, MS",30.230363,-89.567498
182546,"Jackson, MS",32.302399,-90.185368
183417,"Laurel, MS",31.688638,-89.135115
183529,"Oxford, MS",34.363739,-89.533684
183557,"Tupelo, MS",34.261218,-88.703109
183668,"Greenwood, MS",33.522064,-90.18564
183669,"Brookhaven, MS",31.576029,-90.437597
183670,"Columbus, MS",33.491121,-88.418567
183840,"Picayune, MS",30.5295,-89.691056
183850,"McComb, MS",31.247705,-90.47482
183874,"Vicksburg, MS",,
183906,"Greenville, MS",33.406816,-91.057896
183924,"Kirksville, MO",40.188637,-92.583512
183954,"Mexico, MO",39.161984,-91.890432
183995,"Columbia, MO",38.945598,-92.330167
184174,"Poplar Bluff, MO",36.741747,-90.400935
184191,"Jefferson City, MO",38.854211,-91.947377
184367,"Springfield, MO",37.06,-93.454444
184975,"West Plains, MO",36.540619,-92.069598
185486,"Joplin, MO",37.098678,-94.616902
186025,"Hannibal, MO",39.722256,-91.373471
186124,"Maryville, MO",40.351409,-94.883587
186143,"Sedalia, MO",38.709488,-93.227973
186163,"Rolla, MO",38.953651,-91.774339
186223,"Moberly, MO",39.515312,-92.649901
186646,"Farmington, MO",37.845339,-90.50594
187061,"Sikeston, MO",36.881467,-89.581466
187293,"Branson, MO",36.6375,-93.283333
189518,"Great Falls, MT",47.494318,-111.303317
190078,"Kalispell, MT",48.366552,-114.190705
190393,"Bozeman, MT",45.666576,-111.025276
190628,"Havre, MT",48.549921,-109.675276
190629,"Helena, MT",46.567679,-111.91282
191745,"Missoula, MT",46.873535,-113.995943
193343,"Butte-Silver Bow, MT",45.994619,-112.513664
193886,"Billings, MT",45.765507,-108.575693
194210,"Hastings, NE",40.587508,-98.392036
194214,"Kearney, NE",40.697791,-99.080922
194311,"Lexington, NE",40.859451,-99.988178
194328,"Fremont, NE",41.433616,-96.496701
194765,"Beatrice, NE",40.267222,-96.750304
194844,"Grand Island, NE",40.925012,-98.339784
194872,"Lincoln, NE",40.556112,-96.630297
195154,"North Platte, NE",40.95639,-100.983205
195168,"Norfolk, NE",42.033338,-97.416997
195184,"Columbus, NE",41.43029,-97.359486
195221,"Scottsbluff, NE",41.864967,-103.664943
195449,"Fallon, NV",39.444085,-118.802097
195453,"Las Vegas-Henderson-Paradise, NV",35.982202,-114.835819
196307,"Gardnerville Ranchos, NV",38.952681,-119.778497
196359,"Elko, NV",40.83963,-115.747021
196486,"Winnemucca, NV",40.974625,-117.737907
196500,"Fernley, NV",38.985185,-119.185425
196605,"Pahrump, NV",38.879641,-117.922056
196619,"Reno, NV",39.562412,-119.51629
197294,"Carson City, NV",39.163799,-119.764903
197319,"Laconia, NH",43.683299,-71.516132
197406,"Keene, NH",42.917582,-71.999525
197470,"Berlin, NH-VT",44.470614,-71.168132
197755,"Claremont-Lebanon, NH-VT",,
197854,"Manchester-Nashua, NH",43.118027,-71.898927
198579,"Concord, NH",43.103416,-71.463402
199659,"Atlantic City-Hammonton, NJ",39.433074,-74.666265
199786,"New York-Newark-Jersey City, NY-NJ-PA",40.808434,-73.992361
201568,"Ocean City, NJ",39.100392,-74.802944
201574,"Vineland-Bridgeton, NJ",39.428076,-75.238783
203069,"Trenton, NJ",40.230841,-74.725706
206494,"Allentown-Bethlehem-Easton, PA-NJ",40.838432,-74.837389
206555,"Albuquerque, NM",35.085879,-106.645025
207766,"Roswell, NM",33.397893,-104.469402
207857,"Grants, NM",35.167279,-107.895345
207878,"Clovis, NM",34.401466,-103.207449
207881,"Las Cruces, NM",32.003712,-106.602215
208156,"Carlsbad-Artesia, NM",32.76678,-104.45052
208249,"Silver City, NM",32.75952,-108.131988
208315,"Hobbs, NM",32.416812,-103.200471
208366,"Ruidoso, NM",32.930397,-103.345776
208432,"Los Alamos, NM",35.881413,-106.319751
208505,"Deming, NM",32.267309,-107.755863
208521,"Gallup, NM",35.526134,-108.738418
208636,"Alamogordo, NM",32.899843,-105.959719
208650,"Espa¤ola, NM",35.992245,-106.089468
208943,"Farmington, NM",36.370843,-107.975065
209233,"Las Vegas, NM",35.591155,-105.230008
209235,"Santa Fe, NM",35.681975,-105.936133
209354,"Taos, NM",36.39421,-105.581676
209450,"Albany-Schenectady-Troy, NY",42.64851,-73.775963
211516,"Binghamton, NY",42.099161,-75.906012
211629,"Olean, NY",42.028058,-78.62777
211713,"Auburn, NY",42.935345,-76.569942
211720,"Jamestown-Dunkirk-Fredonia, NY",42.479224,-79.33421
211810,"Elmira, NY",,
211863,"Plattsburgh, NY",44.501992,-73.482635
211869,"Hudson, NY",42.240818,-73.644547
211893,"Cortland, NY",42.596737,-76.175762
211964,"Buffalo-Cheektowaga-Niagara Falls, NY",43.020892,-78.483913
213388,"Malone, NY",44.845251,-74.298717
213441,"Gloversville, NY",43.051926,-74.342898
213449,"Batavia, NY",43.00506,-78.176683
213472,"Utica-Rome, NY",,
213496,"Watertown-Fort Drum, NY",43.981925,-75.609879
213898,"Rochester, NY",42.87173,-77.74028
213903,"Syracuse, NY",43.083124,-75.746574
214723,"Amsterdam, NY",42.934149,-74.18456
217738,"Oneonta, NY",42.694708,-74.91403
219948,"Ogdensburg-Massena, NY",44.936086,-74.874569
220085,"Seneca Falls, NY",42.910622,-76.795233
220089,"Corning, NY",42.139796,-77.049134
220731,"Ithaca, NY",42.443684,-76.497719
220801,"Kingston, NY",41.718048,-74.386797
220873,"Glens Falls, NY",43.306366,-73.64565
221439,"Burlington, NC",36.083141,-79.419205
221467,"Hickory-Lenoir-Morganton, NC",35.922314,-81.169815
221562,"Washington, NC",35.426278,-76.739655
221599,"Myrtle Beach-Conway-North Myrtle Beach, SC-NC",34.265121,-78.027781
221621,"Asheville, NC",,
222124,"Charlotte-Concord-Gastonia, NC-SC",35.411212,-80.581188
222240,"Elizabeth City, NC",36.328129,-76.174661
222245,"Morehead City, NC",34.7221,-76.707534
222722,"Durham-Chapel Hill, NC",35.717592,-79.175588
222838,"Shelby, NC",35.316772,-81.66511
222881,"New Bern, NC",35.236486,-77.134972
222892,"Fayetteville, NC",35.090382,-78.791412
223142,"Kill Devil Hills, NC",35.845637,-75.564366
223203,"Winston-Salem, NC",35.822632,-81.26314
223949,"Rocky Mount, NC",35.979321,-77.781367
224757,"Raleigh, NC",36.096189,-78.463719
224951,"Virginia Beach-Norfolk-Newport News, VA-NC",36.413684,-76.757734
224962,"Oxford, NC",36.141111,-78.768056
225040,"Greensboro-High Point, NC",,
225402,"Roanoke Rapids, NC",36.478407,-77.649705
225412,"Dunn, NC",35.306667,-78.606667
225726,"Cullowhee, NC",35.377327,-83.229047
225850,"Sanford, NC",35.48343,-79.180312
226055,"Kinston, NC",35.269542,-77.613042
226184,"Marion, NC",35.641488,-82.180403
228317,"Pinehurst-Southern Pines, NC",35.3501,-79.416985
228333,"Wilmington, NC",34.2562,-77.94725
228698,"Jacksonville, NC",34.753441,-77.431372
228811,"Greenville, NC",35.583147,-77.600263
229068,"Rockingham, NC",34.93622,-79.763664
229076,"Lumberton, NC",34.623726,-79.000864
229597,"Forest City, NC",35.333437,-81.866505
229633,"Laurinburg, NC",34.779279,-79.463655
229641,"Albemarle, NC",35.350935,-80.197565
229654,"Mount Airy, NC",36.250085,-80.853138
229705,"Brevard, NC",35.22233,-82.780422
229727,"Henderson, NC",36.333412,-78.416396
230953,"Boone, NC",36.212587,-81.681775
230969,"Goldsboro, NC",,
231004,"North Wilkesboro, NC",36.166754,-81.152592
231010,"Wilson, NC",35.693979,-77.862215
231268,"Dickinson, ND",46.949677,-103.515037
231557,"Bismarck, ND",46.807468,-100.782717
233023,"Wahpeton, ND-MN",46.273594,-96.609786
233075,"Jamestown, ND",46.90831,-98.709311
233093,"Minot, ND",48.241636,-101.296917
233124,"Williston, ND",48.146902,-103.619222
233207,"Lima, OH",40.757523,-84.067676
233247,"Ashland, OH",40.867822,-82.318519
233248,"Ashtabula, OH",41.534733,-80.865346
233280,"Athens, OH",39.329867,-82.100937
233320,"Wapakoneta, OH",40.561546,-84.37219
233322,"Wheeling, WV-OH",40.018916,-80.739235
233898,"Canton-Massillon, OH",40.69283,-81.185595
233906,"Urbana, OH",40.10728,-83.752708
233907,"Springfield, OH",40.00103,-83.80456
234021,"Wilmington, OH",39.298528,-83.99262
234038,"Salem, OH",40.88741,-80.694817
234330,"Coshocton, OH",40.278637,-81.870383
234351,"Bucyrus, OH",40.916964,-82.997641
234352,"Cleveland-Elyria, OH",41.487009,-81.497147
236222,"Greenville, OH",40.103087,-84.631307
236228,"Defiance, OH",41.284185,-84.341296
236246,"Columbus, OH",40.295617,-83.064353
236252,"Sandusky, OH",41.450571,-82.711796
236263,"Washington Court House, OH",39.448371,-83.362377
236960,"Toledo, OH",41.57588,-83.9959
237058,"Point Pleasant, WV-OH",38.94618,-82.122
237160,"Dayton, OH",39.792812,-84.026843
237213,"Cambridge, OH",40.037016,-81.602901
238624,"Findlay, OH",41.033386,-83.650488
238744,"Norwalk, OH",41.221208,-82.590356
238760,"Jackson, OH",39.061749,-82.651836
238765,"Weirton-Steubenville, WV-OH",40.26157,-80.6335
239317,"Mount Vernon, OH",40.310025,-82.691724
239869,"Bellefontaine, OH",40.361567,-83.762289
240691,"Youngstown-Warren-Boardman, OH-PA",41.075337,-80.594239
240967,"Marion, OH",40.571148,-83.128724
241065,"Celina, OH",40.552547,-84.551622
241757,"Zanesville, OH",39.86118,-81.907635
241846,"Port Clinton, OH",41.658447,-82.820899
241900,"Akron, OH",41.145572,-81.342307
242047,"Mansfield, OH",40.765613,-82.500169
242126,"Chillicothe, OH",39.336453,-82.986846
242148,"Fremont, OH",41.35696,-83.133199
242193,"Portsmouth, OH",38.752412,-82.936797
242527,"Tiffin, OH",41.156443,-83.414648
242537,"Sidney, OH",40.298145,-84.1629
243826,"New Philadelphia-Dover, OH",40.536731,-81.493451
243894,"Marietta, OH",39.271464,-81.588181
244155,"Wooster, OH",40.842241,-81.791212
244311,"Elk City, OK",35.294495,-99.634819
244314,"Durant, OK",33.945379,-96.405726
244349,"Oklahoma City, OK",35.504499,-97.750044
244458,"Ardmore, OK",34.183705,-97.14807
244495,"Tahlequah, OK",35.925369,-94.929955
244638,"Lawton, OK",34.598408,-98.403942
244775,"Tulsa, OK",35.999812,-96.105833
244796,"Weatherford, OK",35.515328,-98.965084
244955,"Enid, OK",36.390312,-97.900892
245223,"Altus, OK",34.634237,-99.336475
245234,"Ponca City, OK",36.808645,-97.064205
246208,"Muskogee, OK",35.747322,-95.62887
247578,"Miami, OK",36.879238,-94.877464
247678,"Stillwater, OK",36.112829,-97.074757
247697,"McAlester, OK",34.93594,-95.753874
247893,"Ada, OK",34.775087,-96.662789
247912,"Shawnee, OK",35.416205,-96.906688
248018,"Duncan, OK",34.518444,-97.969772
248027,"Guymon, OK",36.679499,-101.487111
249303,"Bartlesville, OK",36.749238,-95.97972
249344,"Woodward, OK",36.435345,-99.38649
249358,"Corvallis, OR",44.546471,-123.364524
249503,"Portland-Vancouver-Hillsboro, OR-WA",45.412863,-122.664522
249649,"Astoria, OR",46.188958,-123.837073
249795,"Coos Bay, OR",43.366193,-124.219248
249811,"Prineville, OR",44.299787,-120.844773
249961,"Brookings, OR",42.833417,-124.501467
250083,"Bend-Redmond, OR",44.060939,-121.31029
250321,"Roseburg, OR",43.254814,-123.350888
250499,"Hood River, OR",45.68513,-121.52739
250502,"Medford, OR",42.197053,-122.717796
251006,"Grants Pass, OR",42.442878,-123.325594
251149,"Klamath Falls, OR",42.228729,-121.77527
251706,"Eugene, OR",43.796756,-123.062001
252632,"Newport, OR",44.633129,-124.051213
252726,"Albany, OR",44.638139,-123.097853
252785,"Ontario, OR-ID",44.0334,-116.9697
252787,"Salem, OR",44.949842,-123.049541
256026,"Hermiston-Pendleton, OR",45.6704,-118.790801
256086,"La Grande, OR",45.32013,-118.087995
256634,"The Dalles, OR",45.599543,-121.183928
257418,"Gettysburg, PA",39.92002,-77.30968
257746,"Pittsburgh, PA",40.491409,-80.061711
259637,"Reading, PA",40.511111,-75.786111
260234,"Altoona, PA",,
260369,"Sayre, PA",41.878946,-79.635606
261496,"Johnstown, PA",,
261853,"State College, PA",40.811389,-77.877028
262360,"DuBois, PA",,
262378,"Lock Haven, PA",,
262406,"Harrisburg-Carlisle, PA",40.252222,-77.140472
263254,"St. Marys, PA",41.597506,-78.76722
263259,"Erie, PA",,
263691,"Chambersburg-Waynesboro, PA",39.961111,-77.475556
263708,"Indiana, PA",,
263788,"Scranton--Wilkes-Barre--Hazleton, PA",,
264163,"Lancaster, PA",40.050104,-75.749661
264715,"New Castle, PA",40.860031,-80.279092
264769,"Lebanon, PA",40.337328,-76.383447
265502,"Williamsport, PA",,
265641,"Bradford, PA",41.666672,-78.679717
265763,"East Stroudsburg, PA",40.860004,-75.429614
270137,"Pottsville, PA",40.779452,-76.356867
270150,"Somerset, PA",39.983357,-79.249743
270220,"Lewisburg, PA",40.95517,-76.88189
270299,"Warren, PA",41.867505,-79.076951
271213,"York-Hanover, PA",39.962518,-76.727994
275326,"Greenwood, SC",34.325318,-82.386376
275475,"Greenville-Anderson-Mauldin, SC",34.503778,-82.652939
275533,"Hilton Head Island-Bluffton-Beaufort, SC",32.436537,-80.677023
275589,"Charleston-North Charleston, SC",32.9682,-79.93788
276614,"Gaffney, SC",35.069017,-81.656487
276988,"Walterboro, SC",33.045995,-80.91649
277002,"Florence, SC",34.30369,-79.86723
277005,"Dillon, SC",34.420552,-79.37651
277094,"Columbia, SC",34.269485,-80.912336
277248,"Georgetown, SC",33.377165,-79.289464
278670,"Newberry, SC",34.278859,-81.616745
278673,"Seneca, SC",34.805261,-83.2377
278700,"Orangeburg, SC",33.496237,-80.868077
279503,"Spartanburg, SC",34.947726,-81.932555
279650,"Sumter, SC",33.922369,-80.337735
279872,"Huron, SD",44.361928,-98.225368
279873,"Brookings, SD",44.318579,-96.778665
279893,"Aberdeen, SD",45.459698,-98.483705
279924,"Vermillion, SD",42.78943,-96.90383
279926,"Watertown, SD",44.891631,-97.117018
279942,"Rapid City, SD",43.722738,-103.931407
280308,"Mitchell, SD",43.715263,-98.025653
280362,"Pierre, SD",44.366371,-100.346244
280468,"Spearfish, SD",44.581443,-103.762482
280493,"Sioux Falls, SD",43.547475,-96.729217
281725,"Yankton, SD",42.866665,-97.382003
281727,"Knoxville, TN",36.018149,-84.175741
281835,"Shelbyville, TN",35.484444,-86.462222
282099,"Cleveland, TN",35.28233,-84.759371
282188,"Johnson City, TN",36.346219,-82.219577
282207,"Nashville-Davidson--Murfreesboro--Franklin, TN",36.450364,-87.121944
282241,"Newport, TN",35.868706,-83.123209
282244,"Tullahoma-Manchester, TN",35.362023,-86.209157
282286,"Crossville, TN",35.944539,-85.017712
283435,"Dyersburg, TN",36.034537,-89.38257
283490,"Humboldt, TN",35.821765,-88.904499
283534,"Greeneville, TN",36.161491,-82.829597
283579,"Morristown, TN",36.206481,-83.303781
284095,"Kingsport-Bristol-Bristol, TN-VA",36.388986,-82.934052
284112,"Brownsville, TN",35.685911,-89.398683
284130,"Paris, TN",36.500918,-88.449485
284708,"Lawrenceburg, TN",35.257888,-87.313061
285157,"Athens, TN",35.443129,-84.595767
285201,"Jackson, TN",35.602295,-88.815058
285327,"Lewisburg, TN",35.547849,-86.716665
285778,"Cookeville, TN",36.173672,-85.50942
285848,"Dayton, TN",35.61785,-84.791055
286402,"Sevierville, TN",35.78593,-83.544333
287949,"McMinnville, TN",35.681212,-85.778847
287993,"Martin, TN",36.239784,-88.634499
288167,"Lufkin, TX",31.17991,-94.79049
288295,"San Antonio-New Braunfels, TX",29.162997,-98.589158
288302,"Beeville, TX",28.419168,-97.752801
288340,"Killeen-Temple, TX",31.156667,-97.408333
289289,"Houston-The Woodlands-Sugar Land, TX",29.395278,-95.235556
289577,"College Station-Bryan, TX",30.674722,-96.370833
289929,"Brownwood, TX",31.729344,-99.017015
290022,"Austin-Round Rock, TX",29.888276,-97.87806
290041,"Port Lavaca, TX",28.675273,-96.566921
290082,"Brownsville-Harlingen, TX",,
290935,"Amarillo, TX",35.182552,-101.6224
291459,"Dallas-Fort Worth-Arlington, TX",33.145,-96.822778
295074,"Odessa, TX",31.873458,-102.346254
296457,"El Paso, TX",31.760942,-106.483875
302309,"Fredericksburg, TX",30.262583,-98.629028
302317,"Pampa, TX",35.5525,-100.958333
302356,"Sherman-Denison, TX",33.756944,-96.535278
302451,"Longview, TX",32.378696,-94.711813
302634,"Plainview, TX",34.180833,-101.736389
302672,"Beaumont-Port Arthur, TX",30.368889,-94.315556
310889,"Marshall, TX",,
311416,"McAllen-Edinburg-Mission, TX",26.205833,-98.241667
312100,"Big Spring, TX",32.248056,-101.466667
312265,"Borger, TX",36.053092,-101.284605
315211,"Abilene, TX",32.9425,-99.799444
315520,"Kingsville, TX",27.426981,-97.298692
315610,"Lubbock, TX",33.590851,-101.847594
316008,"Waco, TX",31.55713,-97.122515
316158,"Bay City, TX",28.685545,-95.973573
316244,"Eagle Pass, TX",,
316305,"Midland, TX",32.006389,-102.070833
316667,"Dumas, TX",35.860278,-101.963611
316709,"Nacogdoches, TX",31.628056,-94.647222
316749,"Corsicana, TX",32.091944,-96.466389
316807,"Corpus Christi, TX",27.777222,-97.423611
318612,"Snyder, TX",32.706667,-100.910556
318650,"Tyler, TX",32.356002,-95.307742
321454,"Mount Pleasant, TX",33.18,-94.976944
321502,"San Angelo, TX",31.465,-100.4375
323252,"Del Rio, TX",,
323306,"Victoria, TX",28.820556,-96.984444
323371,"Huntsville, TX",30.723333,-95.544722
323414,"Laredo, TX",27.525,-99.501389
323758,"Wichita Falls, TX",33.910653,-98.496165
324091,"Ogden-Clearfield, UT",41.515768,-112.018835
324412,"Price, UT",39.615243,-110.800714
325649,"Cedar City, UT",37.677477,-113.059671
325668,"Provo-Orem, UT",39.484124,-112.020488
325715,"Salt Lake City, UT",40.661058,-111.989661
327103,"Vernal, UT",39.937466,-109.325121
327792,"St. George, UT",37.049981,-113.600791
328298,"Bennington, VT",42.876469,-73.071215
328465,"Burlington-South Burlington, VT",44.481359,-73.193682
331376,"Rutland, VT",43.606084,-72.978682
332094,"Barre, VT",44.195246,-72.496716
333062,"Charlottesville, VA",38.07657,-78.50397
333077,"Richmond, VA",,
333078,"Lynchburg, VA",37.413394,-79.122804
333257,"Staunton-Waynesboro, VA",38.135965,-79.045861
333272,"Roanoke, VA",37.532004,-79.677821
334119,"Winchester, VA-WV",39.255935,-78.083889
334275,"Blacksburg-Christiansburg-Radford, VA",37.374787,-80.670074
334811,"Martinsville, VA",36.766463,-80.001444
335118,"Danville, VA",36.828683,-79.372813
335369,"Harrisonburg, VA",38.662263,-78.793066
335422,"Bluefield, WV-VA",37.250068,-81.277594
335483,"Big Stone Gap, VA",36.974241,-82.47041
337812,"Othello, WA",47.111786,-118.769163
337863,"Kennewick-Richland, WA",46.227079,-119.22307
337891,"Wenatchee, WA",47.420937,-120.322273
337941,"Port Angeles, WA",47.999795,-124.567994
338935,"Walla Walla, WA",46.531386,-118.217746
338940,"Longview, WA",46.145912,-122.909268
339210,"Moses Lake, WA",47.322056,-119.553914
339240,"Aberdeen, WA",46.974512,-123.814313
339275,"Oak Harbor, WA",48.290934,-122.637391
339290,"Seattle-Tacoma-Bellevue, WA",47.333139,-122.228718
341916,"Bremerton-Silverdale, WA",47.565635,-122.624292
341936,"Ellensburg, WA",46.995404,-120.548681
342163,"Centralia, WA",46.719243,-122.95567
342256,"Shelton, WA",47.213964,-123.100409
342384,"Spokane-Spokane Valley, WA",48.866802,-117.369155
343353,"Mount Vernon-Anacortes, WA",48.49147,-122.60598
344199,"Olympia-Tumwater, WA",47.0373,-122.808451
344366,"Bellingham, WA",48.857888,-122.693232
344778,"Pullman, WA",46.880133,-117.364391
344824,"Yakima, WA",46.650936,-120.530041
345368,"Beckley, WV",38.126219,-81.242887
345502,"Clarksburg, WV",39.290645,-80.347868
345520,"Charleston, WV",38.33644,-81.608156
346075,"Fairmont, WV",39.473365,-80.175885
346302,"Morgantown, WV",39.623971,-79.955619
346636,"Parkersburg-Vienna, WV",39.34087,-81.545652
346769,"Green Bay, WI",44.532215,-87.980103
347084,"Appleton, WI",44.030269,-88.157045
347086,"Eau Claire, WI",44.885794,-91.592109
347100,"Madison, WI",43.383336,-89.400078
347655,"Beaver Dam, WI",43.46611,-88.62111
348625,"Menomonie, WI",44.684685,-91.811835
348756,"Fond du Lac, WI",43.778058,-88.445323
348880,"Platteville, WI",42.579444,-90.604017
348965,"Watertown-Fort Atkinson, WI",43.001393,-88.812327
349265,"La Crosse-Onalaska, WI-MN",,
349342,"Merrill, WI",45.448301,-89.720969
349357,"Manitowoc, WI",44.091384,-87.661195
349637,"Wausau, WI",45.028301,-89.653456
349754,"Shawano, WI",44.876372,-88.62566
349757,"Milwaukee-Waukesha-West Allis, WI",43.038617,-87.92086
351759,"Stevens Point, WI",44.513055,-89.585086
351787,"Racine, WI",42.677239,-88.27787
351955,"Janesville-Beloit, WI",42.500848,-89.040388
352138,"Baraboo, WI",43.524148,-90.000126
352215,"Sheboygan, WI",43.709718,-87.740364
352480,"Whitewater-Elkhorn, WI",42.594453,-88.436433
352743,"Oshkosh-Neenah, WI",44.2,-88.416712
352821,"Wisconsin Rapids-Marshfield, WI",44.664998,-90.198997
352972,"Laramie, WY",41.30247,-105.596439
353156,"Gillette, WY",44.227449,-105.463963
354169,"Riverton, WY",43.558287,-109.684047
354477,"Cheyenne, WY",41.136846,-104.818239
354843,"Casper, WY",42.851064,-106.325088
355134,"Sheridan, WY",44.797161,-106.949853
355590,"Rock Springs, WY",41.516889,-109.467396
356055,"Jackson, WY-ID",43.699919,-110.734129
356326,"Evanston, WY",41.26689,-110.975738
356472,"Adjuntas, PR",,
356509,"Aguadilla-Isabela, PR",18.432168,-66.959901
356510,"Arecibo, PR",18.457039,-66.696693
356518,"San Juan-Carolina-Caguas, PR",18.433431,-66.58141
357145,"Ponce, PR",17.971633,-66.906009
357146,"Guayama, PR",18.293842,-65.790996
357534,"Mayaguez, PR",18.210936,-67.13893
357647,"Coco, PR",17.963756,-66.254208
